Workbook

Sheet Plan
A1: Campagne de tests — plan des lancements
A2: 1 lancement = 1 objet x 1 detecteur x toutes les distances x N essais. Coche 'Statut' quand c'est fait.
A4: # | B4: Objet | C4: Detecteur | D4: Distances | E4: N | F4: Orientation a varier | G4: Commande | H4: Statut
A5: 1 | B5: orange_cube | C5: hsv | D5: proche mi loin | E5: 10 | F5: yaw (cube ~symetrique) | G5: python scripts/experiment_campaign.py --target orange_cube --detector hsv --n-per-position 10 --positions proche mi loin
A6: 2 | B6: purple_cylinder | C6: hsv | D6: proche mi loin | E6: 10 | F6: debout ET couche (~5/5 par distance) | G6: python scripts/experiment_campaign.py --target purple_cylinder --detector hsv --n-per-position 10 --positions proche mi loin
A7: 3 | B7: light_blue_ball | C7: hsv | D7: proche mi loin | E7: 10 | F7: aucune (sphere) | G7: python scripts/experiment_campaign.py --target light_blue_ball --detector hsv --n-per-position 10 --positions proche mi loin
A8: 4 | B8: blue_rectangular_box | C8: hsv | D8: proche mi loin | E8: 10 | F8: a plat: yaw + face dessous | G8: python scripts/experiment_campaign.py --target blue_rectangular_box --detector hsv --n-per-position 10 --positions proche mi loin
A9: 5 | B9: black_triangular_prism | C9: hsv | D9: proche mi loin | E9: 10 | F9: yaw + face dessous | G9: python scripts/experiment_campaign.py --target black_triangular_prism --detector hsv --n-per-position 10 --positions proche mi loin
A10: 6 | B10: orange_cube | C10: hf | D10: mi | E10: 10 | F10: yaw | G10: python scripts/experiment_campaign.py --target orange_cube --detector hf --n-per-position 10 --positions mi
A11: 7 | B11: black_triangular_prism | C11: hf | D11: mi | E11: 10 | F11: yaw (HF voit mieux le noir ?) | G11: python scripts/experiment_campaign.py --target black_triangular_prism --detector hf --n-per-position 10 --positions mi
A12: 8 | B12: light_blue_ball | C12: hf | D12: mi | E12: 10 | F12: aucune | G12: python scripts/experiment_campaign.py --target light_blue_ball --detector hf --n-per-position 10 --positions mi

Sheet Donnees
A1: REMPLI AUTOMATIQUEMENT par le script (donnees auto + tes reponses aux questions de fin d'essai). Garde l'Excel FERME pendant un run. Tu peux corriger une cellule JAUNE a la main. La Synthese se met a jour seule.
A2: objet | B2: detecteur | C2: timestamp | D2: position | E2: trial | F2: success | G2: n_attempts | H2: duration_s | I2: grasp_pose_error_mm | J2: cam2_correction_mm | K2: last_gripper_pct | L2: last_margin_pct | M2: error | N2: orientation | O2: depose_boite | P2: mode_echec | Q2: notes
A3: orange_cube | B3: hsv | C3: 2026-06-27T11:27:00 | D3: proche | E3: 1 | F3: 1 | G3: 1 | H3: 49.03 | I3: 0.12847228 | J3: 1.7290147 | K3: 10.796221 | L3: 5.7962213 | O3: oui
A4: orange_cube | B4: hsv | C4: 2026-06-27T12:25:45 | D4: proche | E4: 1 | F4: 1 | G4: 1 | H4: 47.72 | I4: 0.21139456 | J4: 8.7080764 | K4: 11.538462 | L4: 6.5384615 | O4: oui
A5: orange_cube | B5: hsv | C5: 2026-06-27T12:30:22 | D5: proche | E5: 1 | F5: 1 | G5: 1 | H5: 51.44 | I5: 0.23439675 | J5: 21.281226 | K5: 11.066127 | L5: 6.0661269 | O5: oui | Q5: E7 - cam2 KO mais réussi
A6: orange_cube | B6: hsv | C6: 2026-06-27T12:34:02 | D6: proche | E6: 1 | F6: 1 | G6: 1 | H6: 48.79 | I6: 0.44037421 | J6: 12.96486 | K6: 11.133603 | L6: 6.1336032 | O6: oui
A7: orange_cube | B7: hsv | C7: 2026-06-27T12:35:16 | D7: proche | E7: 1 | F7: 0 | G7: 2 | H7: 73.4 | I7: 0.28955553 | K7: 6.34278 | L7: 1.34278 | O7: non | Q7: cam2 KO - stéréo E1
A8: orange_cube | B8: hsv | C8: 2026-06-27T12:37:23 | D8: proche | E8: 1 | F8: 1 | G8: 1 | H8: 48.68 | I8: 0.11557899 | J8: 8.0093727 | K8: 10.728745 | L8: 5.7287449 | O8: oui
A9: orange_cube | B9: hsv | C9: 2026-06-27T12:38:20 | D9: proche | E9: 1 | F9: 1 | G9: 1 | H9: 45.56 | I9: 0.3338379 | J9: 17.337712 | K9: 11.808367 | L9: 6.8083671 | O9: oui
A10: orange_cube | B10: hsv | C10: 2026-06-27T12:39:22 | D10: proche | E10: 1 | F10: 1 | G10: 2 | H10: 60.69 | I10: 0.22470927 | K10: 12.213225 | L10: 7.2132254 | O10: oui | Q10: E5 sur premiere tentative
A11: orange_cube | B11: hsv | C11: 2026-06-27T12:41:26 | D11: proche | E11: 1 | F11: 1 | G11: 1 | H11: 47.47 | I11: 0.29395737 | J11: 8.9361245 | K11: 11.336032 | L11: 6.3360324 | O11: oui
A12: orange_cube | B12: hsv | C12: 2026-06-27T12:42:56 | D12: proche | E12: 1 | F12: 1 | G12: 1 | H12: 46.93 | I12: 0.21608889 | J12: 16.725907 | K12: 10.728745 | L12: 5.7287449 | O12: oui | Q12: Failli laché dû à l'orientation du cube
A13: orange_cube | B13: hsv | C13: 2026-06-27T14:41:23 | D13: mi | E13: 1 | F13: 1 | G13: 1 | H13: 53.3 | I13: 1.3045628 | J13: 4.4007057 | K13: 12.955466 | L13: 7.9554656 | O13: oui
A14: orange_cube | B14: hsv | C14: 2026-06-27T14:42:36 | D14: mi | E14: 1 | F14: 0 | G14: 2 | H14: 49.68 | I14: 5.0625247 | J14: 16.811996 | K14: 5.2631579 | L14: 0.26315789 | O14: non | P14: E5 | Q14: Dessus mais l'orientation a fait que
A15: orange_cube | B15: hsv | C15: 2026-06-27T14:45:27 | D15: mi | E15: 1 | F15: 0 | G15: 2 | H15: 51.7 | I15: 7.591796 | J15: 18.808193 | K15: 5.2631579 | L15: 0.26315789 | O15: non | P15: E1 | Q15: Devant l'objet
A16: orange_cube | B16: hsv | C16: 2026-06-27T14:59:30 | D16: mi | E16: 1 | F16: 1 | G16: 1 | H16: 49.08 | I16: 1.9694443 | J16: 12.727128 | K16: 12.483131 | L16: 7.4831309 | O16: oui
A17: orange_cube | B17: hsv | C17: 2026-06-27T15:00:59 | D17: mi | E17: 1 | F17: 1 | G17: 1 | H17: 57.95 | I17: 0.9222069 | K17: 14.439946 | L17: 9.439946 | O17: oui
A18: orange_cube | B18: hsv | C18: 2026-06-27T15:02:07 | D18: mi | E18: 1 | F18: 1 | G18: 1 | H18: 50.18 | I18: 0.40607595 | J18: 14.708002 | K18: 20.377868 | L18: 15.377868 | O18: non | P18: E4 | Q18: saisi sur tranche, pas bien tenu à la remontée, continuer en passant l'avoir saisi
A19: orange_cube | B19: hsv | C19: 2026-06-27T15:12:22 | D19: mi | E19: 1 | F19: 1 | G19: 1 | H19: 50.33 | I19: 0.49946835 | J19: 19.69032 | K19: 10.593792 | L19: 5.5937922 | O19: oui
A20: orange_cube | B20: hsv | C20: 2026-06-27T15:16:11 | D20: mi | E20: 1 | F20: 0 | G20: 2 | H20: 50.79 | I20: 7.0199862 | J20: 12.403423 | K20: 5.0607287 | L20: 0.060728745 | O20: non | P20: E1
A21: orange_cube | B21: hsv | C21: 2026-06-27T15:30:18 | D21: mi | E21: 1 | F21: 0 | G21: 0 | H21: 8.22 | O21: non | P21: E2 | Q21: mauvaise stéréo
A22: orange_cube | B22: hsv | C22: 2026-06-27T15:34:48 | D22: mi | E22: 1 | F22: 1 | G22: 1 | H22: 49.32 | I22: 1.6615324 | J22: 8.2129819 | K22: 12.550607 | L22: 7.5506073 | O22: oui
A23: orange_cube | B23: hsv | C23: 2026-06-27T15:37:15 | D23: loin | E23: 1 | F23: 1 | G23: 1 | H23: 48.59 | I23: 1.1015189 | J23: 5.1607589 | K23: 13.360324 | L23: 8.3603239 | O23: oui
A24: orange_cube | B24: hsv | C24: 2026-06-27T15:38:14 | D24: loin | E24: 1 | F24: 1 | G24: 2 | H24: 58.78 | I24: 0.27574603 | J24: 29.075475 | K24: 10.728745 | L24: 5.7287449 | O24: oui | Q24: objet à glisser en premiere tentative
A25: orange_cube | B25: hsv | C25: 2026-06-27T16:01:04 | D25: loin | E25: 1 | F25: 1 | G25: 1 | H25: 47.74 | I25: 6.5938015 | J25: 26.247896 | K25: 10.728745 | L25: 5.7287449 | O25: oui
A26: orange_cube | B26: hsv | C26: 2026-06-27T16:02:32 | D26: loin | E26: 1 | F26: 0 | G26: 0 | H26: 9.73 | O26: non | P26: E2 | Q26: détecté trop loin par la stéréo, cam1 a exagéré
A27: orange_cube | B27: hsv | C27: 2026-06-27T16:08:25 | D27: loin | E27: 1 | F27: 1 | G27: 1 | H27: 51.93 | I27: 4.6799977 | J27: 20.505526 | K27: 10.593792 | L27: 5.5937922 | O27: oui
A28: orange_cube | B28: hsv | C28: 2026-06-27T16:14:35 | D28: loin | E28: 1 | F28: 0 | G28: 2 | H28: 70.97 | I28: 2.473592 | J28: 32.480495 | K28: 5.3306343 | L28: 0.33063428 | O28: non | P28: E1 | Q28: objet qui a glisser et aussi pas assez bien positionné dessus
A29: orange_cube | B29: hsv | C29: 2026-06-27T16:20:30 | D29: loin | E29: 1 | F29: 0 | G29: 0 | H29: 5.4 | O29: non | P29: E2 | Q29: accessible mais mauvaise stéréo
A30: orange_cube | B30: hsv | C30: 2026-06-27T16:31:45 | D30: loin | E30: 1 | F30: 1 | G30: 1 | H30: 46.75 | I30: 4.8602834 | J30: 25.664825 | K30: 10.728745 | L30: 5.7287449 | O30: oui
A31: orange_cube | B31: hsv | C31: 2026-06-27T16:32:36 | D31: loin | E31: 1 | F31: 0 | G31: 2 | H31: 56.52 | I31: 0.69896214 | J31: 26.988409 | K31: 5.3306343 | L31: 0.33063428 | O31: non | P31: E3 | Q31: objet plus loin que détecté
A32: orange_cube | B32: hsv | C32: 2026-06-27T16:34:24 | D32: loin | E32: 1 | F32: 0 | G32: 2 | H32: 60.42 | I32: 4.567864 | J32: 33.259113 | K32: 5.1282051 | L32: 0.12820513 | O32: non | P32: E3 | Q32: mal positionné pour saisir
A33: orange_cube | B33: hf | C33: 2026-06-27T16:59:55 | D33: proche | E33: 1 | F33: 1 | G33: 1 | H33: 60.29 | I33: 0.11867199 | J33: 4.6285043 | K33: 10.391363 | L33: 5.391363 | O33: oui
A34: orange_cube | B34: hf | C34: 2026-06-27T17:01:06 | D34: proche | E34: 1 | F34: 1 | G34: 1 | H34: 58.28 | I34: 0.11405628 | J34: 15.94499 | K34: 10.323887 | L34: 5.3238866 | O34: oui
A35: orange_cube | B35: hf | C35: 2026-06-27T17:02:14 | D35: proche | E35: 1 | F35: 1 | G35: 1 | H35: 57.75 | I35: 0.19140975 | J35: 22.165518 | K35: 10.593792 | L35: 5.5937922 | O35: oui
A36: orange_cube | B36: hf | C36: 2026-06-27T17:03:22 | D36: proche | E36: 1 | F36: 1 | G36: 1 | H36: 59.53 | I36: 0.24924098 | J36: 7.2950771 | K36: 10.796221 | L36: 5.7962213 | O36: oui
A37: orange_cube | B37: hf | C37: 2026-06-27T17:04:28 | D37: proche | E37: 1 | F37: 1 | G37: 2 | H37: 78.96 | I37: 0.44271345 | J37: 16.837993 | K37: 10.99865 | L37: 5.9986505 | O37: oui | Q37: premiere tentative raté dû à l'orientation de l'l'objet, saisi sur la tranche et glisser entre les pinces
A38: orange_cube | B38: hf | C38: 2026-06-27T17:06:44 | D38: proche | E38: 1 | F38: 1 | G38: 2 | H38: 71.22 | I38: 0.3869769 | J38: 29.358993 | K38: 11.336032 | L38: 6.3360324 | O38: oui | Q38: glisser entre les pinces, mauvaise prise sur premiere tentative
A39: orange_cube | B39: hf | C39: 2026-06-27T17:08:44 | D39: proche | E39: 1 | F39: 1 | G39: 2 | H39: 82.02 | I39: 0.41481158 | J39: 22.054361 | K39: 10.99865 | L39: 5.9986505 | O39: oui | Q39: glisser entre les pinces, saisi sur tranche premiere tentative
A40: orange_cube | B40: hf | C40: 2026-06-27T17:10:55 | D40: proche | E40: 1 | F40: 1 | G40: 1 | H40: 59.37 | I40: 0.16361278 | J40: 9.0892146 | K40: 16.126856 | L40: 11.126856 | O40: oui | Q40: saisi sur tranche parfaite
A41: orange_cube | B41: hf | C41: 2026-06-27T17:12:07 | D41: proche | E41: 1 | F41: 1 | G41: 1 | H41: 56.66 | I41: 0.26858142 | J41: 3.8693724 | K41: 12.078273 | L41: 7.0782726 | O41: oui
A42: orange_cube | B42: hf | C42: 2026-06-27T17:13:29 | D42: proche | E42: 1 | F42: 1 | G42: 1 | H42: 57.52 | I42: 0.24540797 | J42: 7.3509139 | K42: 11.133603 | L42: 6.1336032 | O42: oui
A43: orange_cube | B43: hf | C43: 2026-06-27T17:17:55 | D43: mi | E43: 1 | F43: 1 | G43: 2 | H43: 78.28 | I43: 2.8719155 | J43: 26.745452 | K43: 11.808367 | L43: 6.8083671 | O43: oui | Q43: pas très bien positionner mais réussi sur 2e tentative
A44: orange_cube | B44: hf | C44: 2026-06-27T17:27:02 | D44: mi | E44: 1 | F44: 0 | G44: 2 | H44: 69.91 | I44: 8.4008613 | J44: 22.652255 | K44: 5.3306343 | L44: 0.33063428 | O44: non | P44: E1 | Q44: trop sur la gauche de l'objet, et pire pour la 1e tentative
A45: orange_cube | B45: hf | C45: 2026-06-27T17:29:27 | D45: mi | E45: 1 | F45: 0 | G45: 0 | H45: 16.71 | O45: non | P45: E2 | Q45: mauvaise stéréo qui empeche la saisi, objet pourtant à portée
A46: orange_cube | B46: hf | C46: 2026-06-27T17:30:41 | D46: mi | E46: 1 | F46: 1 | G46: 1 | H46: 58.84 | I46: 5.0908936 | J46: 9.7040359 | K46: 12.887989 | L46: 7.8879892 | O46: oui
A47: orange_cube | B47: hf | C47: 2026-06-27T17:31:46 | D47: mi | E47: 1 | F47: 1 | G47: 1 | H47: 60.16 | I47: 2.0114567 | J47: 7.6260199 | K47: 12.68556 | L47: 7.6855601 | O47: oui
A48: orange_cube | B48: hf | C48: 2026-06-27T17:33:01 | D48: mi | E48: 1 | F48: 1 | G48: 2 | H48: 83.24 | I48: 7.8059752 | J48: 13.719769 | K48: 20.71525 | L48: 15.71525 | O48: oui | Q48: E1 sur 1e tentative et objet bougé, angle changé et réussi sur 2e tentative
A49: orange_cube | B49: hf | C49: 2026-06-27T17:36:07 | D49: mi | E49: 1 | F49: 1 | G49: 1 | H49: 57.75 | I49: 2.1046171 | J49: 9.0516172 | K49: 12.280702 | L49: 7.2807018 | O49: oui
A50: orange_cube | B50: hf | C50: 2026-06-27T17:37:25 | D50: mi | E50: 1 | F50: 0 | G50: 0 | H50: 17.93 | O50: non | P50: E2 | Q50: stéréo qui déconne
A51: orange_cube | B51: hf | C51: 2026-06-27T17:42:56 | D51: mi | E51: 1 | F51: 1 | G51: 2 | H51: 81.4 | I51: 7.8178059 | J51: 20.320688 | K51: 10.323887 | L51: 5.3238866 | O51: oui | Q51: E5 sur 1e tentative, réussi de justesse sur 2e tentative
A52: orange_cube | B52: hf | C52: 2026-06-27T17:47:21 | D52: mi | E52: 1 | F52: 1 | G52: 1 | H52: 65.23 | I52: 0.70698836 | K52: 14.574899 | L52: 9.5748988 | O52: oui
A53: orange_cube | B53: hf | C53: 2026-06-27T17:49:03 | D53: loin | E53: 1 | F53: 1 | G53: 1 | H53: 58.25 | I53: 2.1794131 | J53: 8.3916776 | K53: 10.796221 | L53: 5.7962213 | O53: oui
A54: orange_cube | B54: hf | C54: 2026-06-27T17:51:10 | D54: loin | E54: 1 | F54: 1 | G54: 2 | H54: 82.49 | I54: 7.9865592 | J54: 10.955073 | K54: 11.336032 | L54: 6.3360324 | O54: oui | Q54: E1 et E3 sur 1e tentative
A55: orange_cube | B55: hf | C55: 2026-06-27T17:53:35 | D55: loin | E55: 1 | F55: 1 | G55: 1 | H55: 58.96 | I55: 2.4720772 | J55: 5.5673493 | K55: 12.550607 | L55: 7.5506073 | O55: oui
A56: orange_cube | B56: hf | C56: 2026-06-27T17:54:54 | D56: loin | E56: 1 | F56: 0 | G56: 2 | H56: 79.92 | I56: 7.1683101 | J56: 11.043388 | K56: 5.1956815 | L56: 0.19568151 | O56: non | Q56: mauvais tilt roll offset
A57: orange_cube | B57: hf | C57: 2026-06-27T19:28:19 | D57: loin | E57: 1 | F57: 0 | G57: 2 | H57: 76.48 | I57: 6.702661 | J57: 13.833277 | K57: 5.1956815 | L57: 0.19568151 | O57: non | P57: E3 | Q57: mauvaise perception et donc saisi à vide
A58: orange_cube | B58: hf | C58: 2026-06-27T19:30:31 | D58: loin | E58: 1 | F58: 1 | G58: 2 | H58: 83.89 | I58: 0.99431016 | J58: 7.4985865 | K58: 11.740891 | L58: 6.7408907 | O58: oui
A59: orange_cube | B59: hf | C59: 2026-06-27T19:32:10 | D59: loin | E59: 1 | F59: 1 | G59: 1 | H59: 59.24 | I59: 2.4718049 | J59: 6.207386 | K59: 11.875843 | L59: 6.8758435 | O59: oui
A60: orange_cube | B60: hf | C60: 2026-06-27T19:34:18 | D60: loin | E60: 1 | F60: 0 | G60: 2 | H60: 73 | I60: 6.0984005 | J60: 14.391017 | K60: 5.1956815 | L60: 0.19568151 | O60: non | P60: E3 | Q60: mauvaise perception, et donc fermé devant dans le vide
A61: orange_cube | B61: hf | C61: 2026-06-27T19:36:53 | D61: loin | E61: 1 | F61: 1 | G61: 1 | H61: 59.86 | I61: 0.78736061 | J61: 8.0768341 | K61: 11.403509 | L61: 6.4035088 | O61: oui
A62: orange_cube | B62: hf | C62: 2026-06-27T19:38:34 | D62: loin | E62: 1 | F62: 0 | G62: 2 | H62: 74.45 | I62: 5.6369294 | J62: 10.610225 | K62: 5.1956815 | L62: 0.19568151 | O62: non | P62: E3 | Q62: mauvaise perception, saisi devant dans le vide
A63: purple_cylinder | B63: hsv | C63: 2026-06-28T10:59:38 | D63: proche | E63: 1 | F63: 1 | G63: 2 | H63: 84.79 | I63: 0.34385188 | J63: 3.6082593 | K63: 8.974359 | L63: 3.974359 | N63: debout | O63: oui | Q63: E1 sur 1e tentetive
A64: purple_cylinder | B64: hsv | C64: 2026-06-28T11:01:49 | D64: proche | E64: 1 | F64: 1 | G64: 1 | H64: 51.63 | I64: 0.23020938 | J64: 12.985226 | K64: 9.4466937 | L64: 4.4466937 | N64: couche | O64: oui
A65: purple_cylinder | B65: hsv | C65: 2026-06-28T11:02:54 | D65: proche | E65: 1 | F65: 1 | G65: 1 | H65: 48.62 | I65: 0.14233127 | J65: 9.0446204 | K65: 9.4466937 | L65: 4.4466937 | N65: couche | O65: oui
A66: purple_cylinder | B66: hsv | C66: 2026-06-28T11:04:22 | D66: mi | E66: 1 | F66: 0 | G66: 2 | H66: 84.51 | I66: 0.29582563 | J66: 3.0691365 | K66: 5.2631579 | L66: 0.26315789 | N66: debout | O66: non | P66: E1 | Q66: saisi devant et dans le vide même si contact à la fermeture
A67: purple_cylinder | B67: hsv | C67: 2026-06-28T11:08:52 | D67: mi | E67: 1 | F67: 0 | G67: 2 | H67: 50.46 | I67: 3.1620113 | J67: 8.4109797 | K67: 36.977058 | L67: 31.977058 | N67: couche | O67: non | P67: E1 | Q67: détecté trop bas
A68: purple_cylinder | B68: hsv | C68: 2026-06-28T11:10:59 | D68: mi | E68: 1 | F68: 1 | G68: 2 | H68: 90.77 | I68: 0.24699939 | J68: 14.528151 | K68: 9.4466937 | L68: 4.4466937 | N68: couche | O68: oui | Q68: objet à glisser sur la 1e tentative
A69: purple_cylinder | B69: hsv | C69: 2026-06-28T11:13:12 | D69: loin | E69: 1 | F69: 1 | G69: 1 | H69: 62.41 | I69: 0.21719556 | J69: 9.6214521 | K69: 9.51417 | L69: 4.51417 | N69: debout | O69: oui
A70: purple_cylinder | B70: hsv | C70: 2026-06-28T11:14:53 | D70: loin | E70: 1 | F70: 1 | G70: 1 | H70: 62.99 | I70: 0.24159736 | J70: 4.9980758 | K70: 9.4466937 | L70: 4.4466937 | N70: couche | O70: oui
A71: purple_cylinder | B71: hsv | C71: 2026-06-28T11:17:19 | D71: loin | E71: 1 | F71: 0 | G71: 0 | H71: 9.81 | N71: couche | O71: non | P71: E2 | Q71: mauvaise stéréo
A72: purple_cylinder | B72: hf | C72: 2026-06-28T11:18:42 | D72: proche | E72: 1 | F72: 1 | G72: 2 | H72: 86.12 | I72: 0.37248823 | K72: 9.7165992 | L72: 4.7165992 | N72: debout | O72: oui | Q72: E5 sur 1e tentative, a su se remettre mieux pour réussir
A73: purple_cylinder | B73: hf | C73: 2026-06-28T11:20:49 | D73: proche | E73: 1 | F73: 1 | G73: 2 | H73: 109.93 | I73: 0.14567853 | K73: 9.7165992 | L73: 4.7165992 | N73: couche | O73: oui | Q73: a fait roulé l'objet sur 1e tentative
A74: purple_cylinder | B74: hf | C74: 2026-06-28T11:23:50 | D74: proche | E74: 1 | F74: 1 | G74: 1 | H74: 59.32 | I74: 0.1347072 | J74: 2.0875938 | K74: 9.4466937 | L74: 4.4466937 | N74: couche | O74: oui
A75: purple_cylinder | B75: hf | C75: 2026-06-28T11:26:44 | D75: mi | E75: 1 | F75: 1 | G75: 1 | H75: 72.03 | I75: 0.42198034 | J75: 7.3198249 | K75: 9.4466937 | L75: 4.4466937 | N75: couche | O75: oui
A76: purple_cylinder | B76: hf | C76: 2026-06-28T11:28:08 | D76: mi | E76: 1 | F76: 1 | G76: 1 | H76: 71.19 | I76: 0.36722505 | J76: 13.658269 | K76: 9.3792173 | L76: 4.3792173 | N76: couche | O76: oui
A77: purple_cylinder | B77: hf | C77: 2026-06-28T11:30:32 | D77: mi | E77: 1 | F77: 0 | G77: 0 | H77: 16.2 | N77: couche | O77: non | P77: E2 | Q77: mauvaise stéréo alors qu'atteignable
A78: purple_cylinder | B78: hf | C78: 2026-06-28T11:31:56 | D78: loin | E78: 1 | F78: 1 | G78: 1 | H78: 74.89 | I78: 0.27019523 | J78: 4.125312 | K78: 9.5816464 | L78: 4.5816464 | N78: debout | O78: oui
A79: purple_cylinder | B79: hf | C79: 2026-06-28T11:33:30 | D79: loin | E79: 1 | F79: 0 | G79: 0 | H79: 17.58 | N79: couche | O79: non | P79: E2 | Q79: mauvaise stéréo
A80: purple_cylinder | B80: hf | C80: 2026-06-28T11:34:30 | D80: loin | E80: 1 | F80: 1 | G80: 1 | H80: 74.71 | I80: 0.28571204 | J80: 8.575039 | K80: 9.3792173 | L80: 4.3792173 | N80: couche | O80: oui

Sheet Synthese
A1: Synthese (auto)
A2: Se calcule a partir de l'onglet Donnees. Vide tant qu'il n'y a pas d'essais.
A4: Taux de reussite — tenue apres levee (HSV)
A5: Objet | B5: proche | C5: mi | D5: loin | E5: global
A6: orange_cube | B6: =IF(COUNTIFS(Donnees!$A:$A,$A6,Donnees!$D:$D,B5,Donnees!$B:$B,"hsv")=0,"",COUNTIFS(Donnees!$A:$A,$A6,Donnees!$D:$D,B5,Donnees!$B:$B,"hsv",Donnees!$F:$F,1)/COUNTIFS(Donnees!$A:$A,$A6,Donnees!$D:$D,B5,Donnees!$B:$B,"hsv")) -> 0.9 | C6: =IF(COUNTIFS(Donnees!$A:$A,$A6,Donnees!$D:$D,C5,Donnees!$B:$B,"hsv")=0,"",COUNTIFS(Donnees!$A:$A,$A6,Donnees!$D:$D,C5,Donnees!$B:$B,"hsv",Donnees!$F:$F,1)/COUNTIFS(Donnees!$A:$A,$A6,Donnees!$D:$D,C5,Donnees!$B:$B,"hsv")) -> 0.6 | D6: =IF(COUNTIFS(Donnees!$A:$A,$A6,Donnees!$D:$D,D5,Donnees!$B:$B,"hsv")=0,"",COUNTIFS(Donnees!$A:$A,$A6,Donnees!$D:$D,D5,Donnees!$B:$B,"hsv",Donnees!$F:$F,1)/COUNTIFS(Donnees!$A:$A,$A6,Donnees!$D:$D,D5,Donnees!$B:$B,"hsv")) -> 0.5 | E6: =IF(COUNTIFS(Donnees!$A:$A,$A6,Donnees!$B:$B,"hsv")=0,"",COUNTIFS(Donnees!$A:$A,$A6,Donnees!$B:$B,"hsv",Donnees!$F:$F,1)/COUNTIFS(Donnees!$A:$A,$A6,Donnees!$B:$B,"hsv")) -> 0.66666667
A7: purple_cylinder | B7: =IF(COUNTIFS(Donnees!$A:$A,$A7,Donnees!$D:$D,B5,Donnees!$B:$B,"hsv")=0,"",COUNTIFS(Donnees!$A:$A,$A7,Donnees!$D:$D,B5,Donnees!$B:$B,"hsv",Donnees!$F:$F,1)/COUNTIFS(Donnees!$A:$A,$A7,Donnees!$D:$D,B5,Donnees!$B:$B,"hsv")) -> 1 | C7: =IF(COUNTIFS(Donnees!$A:$A,$A7,Donnees!$D:$D,C5,Donnees!$B:$B,"hsv")=0,"",COUNTIFS(Donnees!$A:$A,$A7,Donnees!$D:$D,C5,Donnees!$B:$B,"hsv",Donnees!$F:$F,1)/COUNTIFS(Donnees!$A:$A,$A7,Donnees!$D:$D,C5,Donnees!$B:$B,"hsv")) -> 0.33333333 | D7: =IF(COUNTIFS(Donnees!$A:$A,$A7,Donnees!$D:$D,D5,Donnees!$B:$B,"hsv")=0,"",COUNTIFS(Donnees!$A:$A,$A7,Donnees!$D:$D,D5,Donnees!$B:$B,"hsv",Donnees!$F:$F,1)/COUNTIFS(Donnees!$A:$A,$A7,Donnees!$D:$D,D5,Donnees!$B:$B,"hsv")) -> 0.66666667 | E7: =IF(COUNTIFS(Donnees!$A:$A,$A7,Donnees!$B:$B,"hsv")=0,"",COUNTIFS(Donnees!$A:$A,$A7,Donnees!$B:$B,"hsv",Donnees!$F:$F,1)/COUNTIFS(Donnees!$A:$A,$A7,Donnees!$B:$B,"hsv")) -> 0.66666667
A8: light_blue_ball | B8: =IF(COUNTIFS(Donnees!$A:$A,$A8,Donnees!$D:$D,B5,Donnees!$B:$B,"hsv")=0,"",COUNTIFS(Donnees!$A:$A,$A8,Donnees!$D:$D,B5,Donnees!$B:$B,"hsv",Donnees!$F:$F,1)/COUNTIFS(Donnees!$A:$A,$A8,Donnees!$D:$D,B5,Donnees!$B:$B,"hsv")) | C8: =IF(COUNTIFS(Donnees!$A:$A,$A8,Donnees!$D:$D,C5,Donnees!$B:$B,"hsv")=0,"",COUNTIFS(Donnees!$A:$A,$A8,Donnees!$D:$D,C5,Donnees!$B:$B,"hsv",Donnees!$F:$F,1)/COUNTIFS(Donnees!$A:$A,$A8,Donnees!$D:$D,C5,Donnees!$B:$B,"hsv")) | D8: =IF(COUNTIFS(Donnees!$A:$A,$A8,Donnees!$D:$D,D5,Donnees!$B:$B,"hsv")=0,"",COUNTIFS(Donnees!$A:$A,$A8,Donnees!$D:$D,D5,Donnees!$B:$B,"hsv",Donnees!$F:$F,1)/COUNTIFS(Donnees!$A:$A,$A8,Donnees!$D:$D,D5,Donnees!$B:$B,"hsv")) | E8: =IF(COUNTIFS(Donnees!$A:$A,$A8,Donnees!$B:$B,"hsv")=0,"",COUNTIFS(Donnees!$A:$A,$A8,Donnees!$B:$B,"hsv",Donnees!$F:$F,1)/COUNTIFS(Donnees!$A:$A,$A8,Donnees!$B:$B,"hsv"))
A9: blue_rectangular_box | B9: =IF(COUNTIFS(Donnees!$A:$A,$A9,Donnees!$D:$D,B5,Donnees!$B:$B,"hsv")=0,"",COUNTIFS(Donnees!$A:$A,$A9,Donnees!$D:$D,B5,Donnees!$B:$B,"hsv",Donnees!$F:$F,1)/COUNTIFS(Donnees!$A:$A,$A9,Donnees!$D:$D,B5,Donnees!$B:$B,"hsv")) | C9: =IF(COUNTIFS(Donnees!$A:$A,$A9,Donnees!$D:$D,C5,Donnees!$B:$B,"hsv")=0,"",COUNTIFS(Donnees!$A:$A,$A9,Donnees!$D:$D,C5,Donnees!$B:$B,"hsv",Donnees!$F:$F,1)/COUNTIFS(Donnees!$A:$A,$A9,Donnees!$D:$D,C5,Donnees!$B:$B,"hsv")) | D9: =IF(COUNTIFS(Donnees!$A:$A,$A9,Donnees!$D:$D,D5,Donnees!$B:$B,"hsv")=0,"",COUNTIFS(Donnees!$A:$A,$A9,Donnees!$D:$D,D5,Donnees!$B:$B,"hsv",Donnees!$F:$F,1)/COUNTIFS(Donnees!$A:$A,$A9,Donnees!$D:$D,D5,Donnees!$B:$B,"hsv")) | E9: =IF(COUNTIFS(Donnees!$A:$A,$A9,Donnees!$B:$B,"hsv")=0,"",COUNTIFS(Donnees!$A:$A,$A9,Donnees!$B:$B,"hsv",Donnees!$F:$F,1)/COUNTIFS(Donnees!$A:$A,$A9,Donnees!$B:$B,"hsv"))
A10: black_triangular_prism | B10: =IF(COUNTIFS(Donnees!$A:$A,$A10,Donnees!$D:$D,B5,Donnees!$B:$B,"hsv")=0,"",COUNTIFS(Donnees!$A:$A,$A10,Donnees!$D:$D,B5,Donnees!$B:$B,"hsv",Donnees!$F:$F,1)/COUNTIFS(Donnees!$A:$A,$A10,Donnees!$D:$D,B5,Donnees!$B:$B,"hsv")) | C10: =IF(COUNTIFS(Donnees!$A:$A,$A10,Donnees!$D:$D,C5,Donnees!$B:$B,"hsv")=0,"",COUNTIFS(Donnees!$A:$A,$A10,Donnees!$D:$D,C5,Donnees!$B:$B,"hsv",Donnees!$F:$F,1)/COUNTIFS(Donnees!$A:$A,$A10,Donnees!$D:$D,C5,Donnees!$B:$B,"hsv")) | D10: =IF(COUNTIFS(Donnees!$A:$A,$A10,Donnees!$D:$D,D5,Donnees!$B:$B,"hsv")=0,"",COUNTIFS(Donnees!$A:$A,$A10,Donnees!$D:$D,D5,Donnees!$B:$B,"hsv",Donnees!$F:$F,1)/COUNTIFS(Donnees!$A:$A,$A10,Donnees!$D:$D,D5,Donnees!$B:$B,"hsv")) | E10: =IF(COUNTIFS(Donnees!$A:$A,$A10,Donnees!$B:$B,"hsv")=0,"",COUNTIFS(Donnees!$A:$A,$A10,Donnees!$B:$B,"hsv",Donnees!$F:$F,1)/COUNTIFS(Donnees!$A:$A,$A10,Donnees!$B:$B,"hsv"))
A13: Nombre d'essais (HSV)
A14: Objet | B14: proche | C14: mi | D14: loin | E14: global
A15: orange_cube | B15: =IF(COUNTIFS(Donnees!$A:$A,$A15,Donnees!$D:$D,B14,Donnees!$B:$B,"hsv")=0,"",COUNTIFS(Donnees!$A:$A,$A15,Donnees!$D:$D,B14,Donnees!$B:$B,"hsv")) -> 10 | C15: =IF(COUNTIFS(Donnees!$A:$A,$A15,Donnees!$D:$D,C14,Donnees!$B:$B,"hsv")=0,"",COUNTIFS(Donnees!$A:$A,$A15,Donnees!$D:$D,C14,Donnees!$B:$B,"hsv")) -> 10 | D15: =IF(COUNTIFS(Donnees!$A:$A,$A15,Donnees!$D:$D,D14,Donnees!$B:$B,"hsv")=0,"",COUNTIFS(Donnees!$A:$A,$A15,Donnees!$D:$D,D14,Donnees!$B:$B,"hsv")) -> 10 | E15: =IF(COUNTIFS(Donnees!$A:$A,$A15,Donnees!$B:$B,"hsv")=0,"",COUNTIFS(Donnees!$A:$A,$A15,Donnees!$B:$B,"hsv")) -> 30
A16: purple_cylinder | B16: =IF(COUNTIFS(Donnees!$A:$A,$A16,Donnees!$D:$D,B14,Donnees!$B:$B,"hsv")=0,"",COUNTIFS(Donnees!$A:$A,$A16,Donnees!$D:$D,B14,Donnees!$B:$B,"hsv")) -> 3 | C16: =IF(COUNTIFS(Donnees!$A:$A,$A16,Donnees!$D:$D,C14,Donnees!$B:$B,"hsv")=0,"",COUNTIFS(Donnees!$A:$A,$A16,Donnees!$D:$D,C14,Donnees!$B:$B,"hsv")) -> 3 | D16: =IF(COUNTIFS(Donnees!$A:$A,$A16,Donnees!$D:$D,D14,Donnees!$B:$B,"hsv")=0,"",COUNTIFS(Donnees!$A:$A,$A16,Donnees!$D:$D,D14,Donnees!$B:$B,"hsv")) -> 3 | E16: =IF(COUNTIFS(Donnees!$A:$A,$A16,Donnees!$B:$B,"hsv")=0,"",COUNTIFS(Donnees!$A:$A,$A16,Donnees!$B:$B,"hsv")) -> 9
A17: light_blue_ball | B17: =IF(COUNTIFS(Donnees!$A:$A,$A17,Donnees!$D:$D,B14,Donnees!$B:$B,"hsv")=0,"",COUNTIFS(Donnees!$A:$A,$A17,Donnees!$D:$D,B14,Donnees!$B:$B,"hsv")) | C17: =IF(COUNTIFS(Donnees!$A:$A,$A17,Donnees!$D:$D,C14,Donnees!$B:$B,"hsv")=0,"",COUNTIFS(Donnees!$A:$A,$A17,Donnees!$D:$D,C14,Donnees!$B:$B,"hsv")) | D17: =IF(COUNTIFS(Donnees!$A:$A,$A17,Donnees!$D:$D,D14,Donnees!$B:$B,"hsv")=0,"",COUNTIFS(Donnees!$A:$A,$A17,Donnees!$D:$D,D14,Donnees!$B:$B,"hsv")) | E17: =IF(COUNTIFS(Donnees!$A:$A,$A17,Donnees!$B:$B,"hsv")=0,"",COUNTIFS(Donnees!$A:$A,$A17,Donnees!$B:$B,"hsv"))
A18: blue_rectangular_box | B18: =IF(COUNTIFS(Donnees!$A:$A,$A18,Donnees!$D:$D,B14,Donnees!$B:$B,"hsv")=0,"",COUNTIFS(Donnees!$A:$A,$A18,Donnees!$D:$D,B14,Donnees!$B:$B,"hsv")) | C18: =IF(COUNTIFS(Donnees!$A:$A,$A18,Donnees!$D:$D,C14,Donnees!$B:$B,"hsv")=0,"",COUNTIFS(Donnees!$A:$A,$A18,Donnees!$D:$D,C14,Donnees!$B:$B,"hsv")) | D18: =IF(COUNTIFS(Donnees!$A:$A,$A18,Donnees!$D:$D,D14,Donnees!$B:$B,"hsv")=0,"",COUNTIFS(Donnees!$A:$A,$A18,Donnees!$D:$D,D14,Donnees!$B:$B,"hsv")) | E18: =IF(COUNTIFS(Donnees!$A:$A,$A18,Donnees!$B:$B,"hsv")=0,"",COUNTIFS(Donnees!$A:$A,$A18,Donnees!$B:$B,"hsv"))
A19: black_triangular_prism | B19: =IF(COUNTIFS(Donnees!$A:$A,$A19,Donnees!$D:$D,B14,Donnees!$B:$B,"hsv")=0,"",COUNTIFS(Donnees!$A:$A,$A19,Donnees!$D:$D,B14,Donnees!$B:$B,"hsv")) | C19: =IF(COUNTIFS(Donnees!$A:$A,$A19,Donnees!$D:$D,C14,Donnees!$B:$B,"hsv")=0,"",COUNTIFS(Donnees!$A:$A,$A19,Donnees!$D:$D,C14,Donnees!$B:$B,"hsv")) | D19: =IF(COUNTIFS(Donnees!$A:$A,$A19,Donnees!$D:$D,D14,Donnees!$B:$B,"hsv")=0,"",COUNTIFS(Donnees!$A:$A,$A19,Donnees!$D:$D,D14,Donnees!$B:$B,"hsv")) | E19: =IF(COUNTIFS(Donnees!$A:$A,$A19,Donnees!$B:$B,"hsv")=0,"",COUNTIFS(Donnees!$A:$A,$A19,Donnees!$B:$B,"hsv"))
A22: Modes d'echec (tous essais)
A23: E1 | B23: E2 | C23: E3 | D23: E4 | E23: E5 | F23: E6 | G23: E7
A24: =COUNTIF(Donnees!$P:$P,"E1") -> 6 | B24: =COUNTIF(Donnees!$P:$P,"E2") -> 8 | C24: =COUNTIF(Donnees!$P:$P,"E3") -> 5 | D24: =COUNTIF(Donnees!$P:$P,"E4") -> 1 | E24: =COUNTIF(Donnees!$P:$P,"E5") -> 1 | F24: =COUNTIF(Donnees!$P:$P,"E6") -> 0 | G24: =COUNTIF(Donnees!$P:$P,"E7") -> 0
A25: perception | B25: IK injoignable | C25: fermeture a vide | D25: perte a la levee | E25: saisie orientation | F25: rate du depot | G25: materiel
A27: Precision moyenne (tous essais)
A28: Erreur de pose atteinte (mm) | C28: =IFERROR(AVERAGE(Donnees!I:I),"") -> 2.0422794
A29: Correction cam_2 (mm) | C29: =IFERROR(AVERAGE(Donnees!J:J),"") -> 13.279048
A31: Taux de reussite — HF a mi
A32: Objet | B32: mi
A33: orange_cube | B33: =IF(COUNTIFS(Donnees!$A:$A,$A33,Donnees!$D:$D,"mi",Donnees!$B:$B,"hf")=0,"",COUNTIFS(Donnees!$A:$A,$A33,Donnees!$D:$D,"mi",Donnees!$B:$B,"hf",Donnees!$F:$F,1)/COUNTIFS(Donnees!$A:$A,$A33,Donnees!$D:$D,"mi",Donnees!$B:$B,"hf")) -> 0.7
A34: black_triangular_prism | B34: =IF(COUNTIFS(Donnees!$A:$A,$A34,Donnees!$D:$D,"mi",Donnees!$B:$B,"hf")=0,"",COUNTIFS(Donnees!$A:$A,$A34,Donnees!$D:$D,"mi",Donnees!$B:$B,"hf",Donnees!$F:$F,1)/COUNTIFS(Donnees!$A:$A,$A34,Donnees!$D:$D,"mi",Donnees!$B:$B,"hf"))
A35: light_blue_ball | B35: =IF(COUNTIFS(Donnees!$A:$A,$A35,Donnees!$D:$D,"mi",Donnees!$B:$B,"hf")=0,"",COUNTIFS(Donnees!$A:$A,$A35,Donnees!$D:$D,"mi",Donnees!$B:$B,"hf",Donnees!$F:$F,1)/COUNTIFS(Donnees!$A:$A,$A35,Donnees!$D:$D,"mi",Donnees!$B:$B,"hf"))

Sheet Legende
A1: Legende & conventions
A3: COLONNES D'OBSERVATION (le script te les DEMANDE a chaque essai ; jaunes, modifiables a la main)
A4: orientation | B4: pose physique de l'objet : debout / couche / a plat / sur tranche / aucune. ENTREE = idem essai precedent
A5: depose_boite | B5: oui/non : l'objet est-il VRAIMENT tombe dans la boite ? ENTREE = auto (oui si saisi, non sinon). Le 'success' du script = seulement tenu apres la levee
A6: mode_echec | B6: si rate, le code E1-E7 ci-dessous. Demande seulement quand l'essai a echoue
A7: notes | B7: tout ce qui est notable (cam_2 a decroche, objet a glisse, etc.). ENTREE = rien
A9: MODES D'ECHEC
A10: E1 | B10: perception : objet mal localise ou non detecte
A11: E2 | B11: IK : aucun angle d'attaque atteignable
A12: E3 | B12: fermeture a vide : la pince se ferme sans rien attraper
A13: E4 | B13: perte a la levee : l'objet attrape retombe en montant
A14: E5 | B14: mauvaise saisie : prise sur coin/tranche a cause de l'orientation
A15: E6 | B15: rate du depot : attrape/leve mais pas depose dans la boite
A16: E7 | B16: materiel : cam_2 USB, moteur, hub, etc.
A18: COLONNES AUTOMATIQUES (remplies par le script)
A19: success | B19: 1 = objet tenu apres la levee (proxy couple/position). N'EST PAS le depot visuel -> cf depose_boite
A20: n_attempts | B20: 1 = saisi du 1er coup, 2 = il a fallu un retry. Si > 1 et echec final -> compte comme rate
A21: duration_s | B21: duree totale du cycle (sec). HF sera plus lent que HSV (OWL-ViT)
A22: grasp_pose_error_mm | B22: erreur de pose ATTEINTE = residu IK de la prise retenue (precision bras 5-DDL). Y-free
A23: cam2_correction_mm | B23: amplitude de la correction cam_2 = ecart stereo -> position raffinee (precision perception). Y-free
A25: CONVENTIONS DISTANCE
A26: proche / mi / loin | B26: vise un RAYON constant ~20 / ~30 / ~40 cm depuis la base (d = racine(x^2+y^2))
A27: varier la position | B27: deplace l'objet le long d'un ARC de ce rayon (varie le cote / l'angle), PAS seulement sur l'axe x. Tolerance ~+-2 cm sur le rayon
A29: WORKFLOW
A30: 0 | B30: garde CE classeur FERME pendant un run (sinon il est verrouille ; le script te previent)
A31: 1 | B31: lance une commande de l'onglet Plan. A CHAQUE essai le script demande : orientation / depose boite / mode echec / note (ENTREE = defaut)
A32: 2 | B32: a la fin de la commande, le script ecrit TOUT (auto + tes reponses) dans l'onglet Donnees, et aussi un CSV de secours dans outputs/experiments/
A33: 3 | B33: ouvre l'Excel : tout est rempli, la Synthese est a jour. Corrige une cellule jaune si besoin, coche 'Statut' dans Plan
